2026-03-14 10:54:27	G1	1	M1	M1.10	MAJOR	FAIL	skipped	0.0	Dry run
2026-03-14 17:00:00	G1	1	M1	M1.10	MODERATE	RESOLVED	0.0	8a58508e	Already fixed by M6.1 resolution (commit 8a58508e): §2.1 vertex coordinates now use Convention A (R=(1,-1,-1)/√3) consistent with cross-references at line 498
2026-03-14 12:38:49	G1	1	M8	M8.1	CRITICAL	SKIPPED	0.0		Dry run
2026-03-14 12:38:49	G1	1	M6	M6.1	MAJOR	SKIPPED	0.0		Dry run
2026-03-14 12:38:49	G1	1	M8	M8.7	MAJOR	SKIPPED	0.0		Dry run
2026-03-14 12:38:49	G1	1	M9	M9.1	MAJOR	SKIPPED	0.0		Dry run
2026-03-14 12:38:49	G1	1	M9	M9.17	MAJOR	SKIPPED	0.0		Dry run
2026-03-14 12:38:53	G1	1	M8	M8.1	CRITICAL	SKIPPED	0.0		Dry run
2026-03-14 12:38:53	G1	1	M6	M6.1	MAJOR	SKIPPED	0.0		Dry run
2026-03-14 12:38:53	G1	1	M8	M8.7	MAJOR	SKIPPED	0.0		Dry run
2026-03-14 12:38:53	G1	1	M9	M9.1	MAJOR	SKIPPED	0.0		Dry run
2026-03-14 12:38:53	G1	1	M9	M9.17	MAJOR	SKIPPED	0.0		Dry run
2026-03-14 12:39:04	G1	1	M8	M8.1	CRITICAL	SKIPPED	0.0		Dry run
2026-03-14 12:39:04	G1	1	M6	M6.1	MAJOR	SKIPPED	0.0		Dry run
2026-03-14 12:39:04	G1	1	M8	M8.7	MAJOR	SKIPPED	0.0		Dry run
2026-03-14 12:39:04	G1	1	M9	M9.1	MAJOR	SKIPPED	0.0		Dry run
2026-03-14 12:39:04	G1	1	M9	M9.17	MAJOR	SKIPPED	0.0		Dry run
2026-03-14 12:39:04	G1	1	M1	M1.10	MODERATE	SKIPPED	0.0		Dry run
2026-03-14 12:39:04	G1	1	M4	M4.16	MODERATE	SKIPPED	0.0		Dry run
2026-03-14 12:39:04	G1	1	M4	M4.17	MODERATE	SKIPPED	0.0		Dry run
2026-03-14 12:39:04	G1	1	M6	M6.2	MODERATE	SKIPPED	0.0		Dry run
2026-03-14 12:39:04	G1	1	M8	M8.2	MODERATE	SKIPPED	0.0		Dry run
2026-03-14 12:39:04	G1	1	M8	M8.3	MODERATE	SKIPPED	0.0		Dry run
2026-03-14 12:39:04	G1	1	M9	M9.5	MODERATE	SKIPPED	0.0		Dry run
2026-03-14 12:39:04	G1	1	M9	M9.7	MODERATE	SKIPPED	0.0		Dry run
2026-03-14 12:39:04	G1	1	M9	M9.9	MODERATE	SKIPPED	0.0		Dry run
2026-03-14 12:39:04	G1	1	M9	M9.11	MODERATE	SKIPPED	0.0		Dry run
2026-03-14 12:39:04	G1	1	M9	M9.12	MODERATE	SKIPPED	0.0		Dry run
2026-03-14 12:39:04	G1	1	M9	M9.14	MODERATE	SKIPPED	0.0		Dry run
2026-03-14 12:39:04	G1	1	M9	M9.18	MODERATE	SKIPPED	0.0		Dry run
2026-03-14 12:39:04	G1	1	M8	M8.4	MINOR	SKIPPED	0.0		Dry run
2026-03-14 12:41:33	G1	1	M8	M8.1	CRITICAL	RESOLVED	91.1	1fb8e6f9	Removed Thm 0.0.16 and Prop 0.0.16a from Thm 0.0.6's formal Dependencies section. Added a blockquote note explaining they are an 'Axiom A0 status upgrade' — they retroactively derive what Thm 0.0.6 originally took as input, but logically depend on Thm 0.0.6's results, not the reverse.
2026-03-14 13:15:00	G1	1	M6	M6.1	MAJOR	RESOLVED	95.0	pending	Fixed Def 0.1.3 section 2.1 vertex-color label assignments to match canonical convention from Def 0.1.1. Updated T+ vertices: R=(1,-1,-1)/sqrt3, G=(-1,1,-1)/sqrt3, B=(-1,-1,1)/sqrt3, W=(1,1,1)/sqrt3. Anti-vertices updated accordingly. Section 11 now consistent with section 2.1.
2026-03-14 12:42:52	G1	1	M6	M6.1	MAJOR	RESOLVED	78.2	8a58508e	Aligned Def 0.1.3 §2.1 vertex-color label assignments to the canonical convention from Def 0.1.1, resolving the cyclic permutation and the internal self-contradiction with §11
2026-03-14 14:00:00	G1	1	M8	M8.7	MAJOR	RESOLVED	88.5	pending	Restructured Thm 0.0.9 dependency section: separated Dependencies (Logical Prerequisites) from Validated Against (Consistency Targets). Moved Thm 0.0.1 to consistency targets with explanation that it is the validation target, not a logical input to the derivation.
2026-03-14 12:44:33	G1	1	M8	M8.7	MAJOR	RESOLVED	101.2	d767b1cf	Restructured Thm 0.0.9 dependency section to distinguish logical prerequisites from consistency targets
2026-03-14 15:00:00	G1	1	M9	M9.1	MAJOR	RESOLVED	85.0	pending	Def 0.0.0 status upgraded from NOVEL to NOVEL VERIFIED — file has both multi-agent review (2026-01-19) and Lean 4 formalization (Definition_0_0_0.lean)
2026-03-14 12:45:17	G1	1	M9	M9.1	MAJOR	RESOLVED	44.5	6d51f5c6	Updated Def 0.0.0 status from 🔶 NOVEL to 🔶 NOVEL ✅ VERIFIED
2026-03-14 16:00:00	G1	1	M9	M9.17	MAJOR	RESOLVED	45.0	pending	Thm 0.0.12 status upgraded from NOVEL to NOVEL VERIFIED — file has both multi-agent review (2025-12-31) and Lean 4 formalization (Theorem_0_0_12.lean)
2026-03-14 12:45:53	G1	1	M9	M9.17	MAJOR	RESOLVED	35.4	9f7eae38	Updated Thm 0.0.12 status from 🔶 NOVEL to 🔶 NOVEL ✅ VERIFIED
2026-03-14 12:47:00	G1	1	M1	M1.10	MODERATE	RESOLVED	67.8	432a9371	Finding already fixed by prior M6.1 resolution. Commit 8a58508e aligned §2.1 vertex-color labels to Convention A, which also resolved the §2.1 vs cross-references inconsistency flagged by M1.10.
2026-03-14 12:47:29	G1	1	M4	M4.16	MODERATE	SKIPPED	0.0		Dry run
2026-03-14 12:47:29	G1	1	M4	M4.17	MODERATE	SKIPPED	0.0		Dry run
2026-03-14 12:47:29	G1	1	M6	M6.2	MODERATE	SKIPPED	0.0		Dry run
2026-03-14 12:47:29	G1	1	M8	M8.2	MODERATE	SKIPPED	0.0		Dry run
2026-03-14 12:47:29	G1	1	M8	M8.3	MODERATE	SKIPPED	0.0		Dry run
2026-03-14 12:47:29	G1	1	M9	M9.5	MODERATE	SKIPPED	0.0		Dry run
2026-03-14 12:47:29	G1	1	M9	M9.7	MODERATE	SKIPPED	0.0		Dry run
2026-03-14 12:47:29	G1	1	M9	M9.9	MODERATE	SKIPPED	0.0		Dry run
2026-03-14 12:47:29	G1	1	M9	M9.11	MODERATE	SKIPPED	0.0		Dry run
2026-03-14 12:47:29	G1	1	M9	M9.12	MODERATE	SKIPPED	0.0		Dry run
2026-03-14 12:47:29	G1	1	M9	M9.14	MODERATE	SKIPPED	0.0		Dry run
2026-03-14 12:47:29	G1	1	M9	M9.18	MODERATE	SKIPPED	0.0		Dry run
2026-03-14 12:47:29	G1	1	M8	M8.4	MINOR	SKIPPED	0.0		Dry run
2026-03-14 18:00:00	G1	1	M4	M4.16	MODERATE	RESOLVED	45.0	pending	Fixed 3 self-referential cross-references in Thm 0.0.12: §8.2, §9.1, §10.1 all cited "Theorem 0.0.12" where they meant Thm 0.0.13 (Tannaka Reconstruction). Changed to "Theorem 0.0.13" in all 3 instances.
2026-03-14 12:48:36	G1	1	M4	M4.16	MODERATE	RESOLVED	96.0	6294450d	Fixed 3 self-referential cross-references in Thm 0.0.12 that cited itself instead of Thm 0.0.13
2026-03-14 12:49:00	G1	1	M4	M4.17	MODERATE	RESOLVED	85.0	pending	Fixed 4 self-referential cross-references in Thm 0.0.13 where it cited 'Theorem 0.0.13' meaning Thm 0.0.12 (Categorical Equivalence): §3.1, §6.1 table header, §6.1 gap text, §10. Also fixed §6.1 section header.
2026-03-14 12:50:19	G1	1	M4	M4.17	MODERATE	RESOLVED	102.2		Fixed 5 cross-reference errors in Theorem 0.0.13 where it cited itself instead of Theorem 0.0.12
2026-03-14 21:00:00	G1	1	M6	M6.2	MODERATE	RESOLVED	0.0	8ff67b84	Fixed Def 0.1.4 §3.2 boundary plane table and §8.2 normal vectors to use canonical (Def 0.1.1) vertex convention instead of anomalous convention
2026-03-14 12:52:20	G1	1	M6	M6.2	MODERATE	RESOLVED	121.5	c742e81b	Fixed all three locations in Def 0.1.4 where anomalous vertex convention was used instead of canonical (Def 0.1.1) convention
2026-03-14 13:00:00	G1	1	M8	M8.2	MODERATE	RESOLVED	0.0		Fixed THEMATIC-GROUPS.md G1 section: relabeled 'Proofs (dependency order)' to 'Proofs (theorem-number order)' and added note explaining actual dependency DAG crosses thematic boundaries, with link to M8 findings report
2026-03-14 12:54:33	G1	1	M8	M8.2	MODERATE	RESOLVED	132.4	cceaee36	Fixed misleading 'dependency order' label in THEMATIC-GROUPS.md G1 section and added prominent note about actual dependency DAG
2026-03-14 13:10:00	G1	1	M8	M8.3	MODERATE	RESOLVED	0.0		Annotated the three upward-dependency files (Thm 0.0.0a, Thm 0.0.12, Thm 0.0.13) in the G1 Coherence Audit Plan layer tables with warning markers and explanatory notes referencing M8.3
2026-03-14 12:57:05	G1	1	M8	M8.3	MODERATE	RESOLVED	152.2		Annotated the three upward-dependency files in the G1 Coherence Audit Plan layer tables with warning markers and explanatory notes
2026-03-14 13:20:00	G1	1	M9	M9.5	MODERATE	RESOLVED	35.0		Fix M9.5: Added 🔶 NOVEL marker to Lem 0.0.2a status — framework-specific content was using bare ✅ VERIFIED
2026-03-14 12:57:53	G1	1	M9	M9.5	MODERATE	RESOLVED	48.2		Added 🔶 NOVEL marker to Lemma 0.0.2a status line
2026-03-14 13:30:00	G1	1	M9	M9.7	MODERATE	RESOLVED	35.0	ab2c493e	Fix M9.7: Added 🔶 NOVEL marker to Thm 0.0.0a status — framework-specific content was using bare ✅ VERIFIED
2026-03-14 12:58:50	G1	1	M9	M9.7	MODERATE	RESOLVED	57.1	acc9637e	Added 🔶 NOVEL marker to Thm 0.0.0a status line
2026-03-14 13:40:00	G1	1	M9	M9.9	MODERATE	RESOLVED	35.0		Fix M9.9: Added 🔶 NOVEL marker to Thm 0.0.3 status — framework-specific content was using bare ✅ VERIFIED
2026-03-14 12:59:57	G1	1	M9	M9.9	MODERATE	RESOLVED	67.1		Added 🔶 NOVEL marker to Thm 0.0.3 status line
2026-03-14 14:00:00	G1	1	M9	M9.11	MODERATE	RESOLVED	35.0		Fix M9.11: Added 🔶 NOVEL marker to Prop 0.0.16a status — framework-specific content was using bare ✅ VERIFIED
2026-03-14 13:00:42	G1	1	M9	M9.11	MODERATE	RESOLVED	44.7		Added 🔶 NOVEL marker to Prop 0.0.16a status line
2026-03-14 13:05:00	G1	1	M9	M9.12	MODERATE	RESOLVED	45.0		Fix M9.12: Add 🔶 NOVEL marker to Thm 0.0.16 status line — framework-specific content was using bare ✅ VERIFIED
2026-03-14 13:01:39	G1	1	M9	M9.12	MODERATE	RESOLVED	57.4	0935f370	Added 🔶 NOVEL marker to Thm 0.0.16 status line
2026-03-14 13:10:00	G1	1	M9	M9.14	MODERATE	RESOLVED	45.0		Fix M9.14: Added 🔶 NOVEL marker to Prop 0.0.6b status line — framework-specific content was using bare ✅ VERIFIED
2026-03-14 13:02:24	G1	1	M9	M9.14	MODERATE	RESOLVED	45.1		Added 🔶 NOVEL marker to Prop 0.0.6b status line
2026-03-14 13:03:00	G1	1	M9	M9.18	MODERATE	RESOLVED	45.0		Fix M9.18: Added 🔶 NOVEL marker to Thm 0.0.13 status — framework-specific content was using bare ✅ VERIFIED. Also fixed companion files (Derivation, Applications).
2026-03-14 13:04:16	G1	1	M9	M9.18	MODERATE	RESOLVED	111.3		Added 🔶 NOVEL marker to Thm 0.0.13 and its two companion files (Derivation, Applications)
2026-03-14 13:10:00	G1	1	M8	M8.4	MINOR	RESOLVED	45.0		Fix M8.4: Disambiguated Thm 0.0.2 "Theorem 12.3.2" reference to explicit file path (Def 0.1.1-Applications §12.3.2). Listed Gap-Analysis doc in Thm 0.0.16 Dependencies as informational reference.
2026-03-14 13:05:48	G1	1	M8	M8.4	MINOR	RESOLVED	92.2		Disambiguated both dependency references flagged by the audit
2026-03-14 13:30:00	G1	1	M5	M5.ALL	-	PASS	0.0		M5 audit verified: 11/11 checks PASS, 0 FAIL, 1 NOTE (stale audit plan expected values for B3/C3 coordination). Report at docs/proofs/reviews/G1/G1-Geometric-Foundation-Coherence-M5-Findings.md
2026-03-14 19:30:00	G1	1	M3	M3.ALL	-	PASS	0.0		M3 audit verified: 14 checks total, 12 PASS, 0 FAIL, 2 NOTE (minor). External inputs match internal re-derivations. Report at docs/proofs/reviews/G1/G1-Geometric-Foundation-Coherence-M3-Findings.md
2026-03-14 22:00:00	G1	1	M4	M4.ALL	-	PASS	0.0		M4 re-audit: 18 checks, 14 PASS, 0 FAIL, 4 NOTE (minor). All correspondence structures consistent. Prior FAILs M4.16/M4.17 resolved. Report at docs/proofs/reviews/G1/G1-Geometric-Foundation-Coherence-M4-Findings.md
2026-03-14 23:30:00	G1	1	M6	M6.ALL	-	PASS	0.0		M6 v1 audit: 11/11 checks PASS, 0 FAIL, 0 NOTE. Phase 0 definitions internally consistent. Derivation chain acyclic. Vertex convention unified. Field existence derived.
2026-03-14 23:59:59	G1	1	M6	M6.13	MINOR	FAIL	0.0		Anti-color phases in Thm 0.0.6-Derivation §11.3 lines 388-390: assigns e^{iφ_Ḡ}=ω, e^{iφ_B̄}=ω² instead of canonical ω², ω from Def 0.1.2 §4. Proof conclusion unaffected (uses amplitude symmetry, not anti-color phases). Notational inconsistency only.
2026-03-14 23:59:59	G1	1	M6	M6.17	-	NOTE	0.0		Killing form sign: Thm 0.0.2 §3.2 line 223 writes ⟨λ,μ⟩_K=B⁻¹(λ,μ) but §1(a) line 116 and derivation body use -B⁻¹. Cosmetic; proof correct.
2026-03-14 23:59:59	G1	1	M6	M6.18	-	NOTE	0.0		Thm 0.0.2 §0 line 78 still calls D=N+1 an 'observation' despite Thm 0.0.2b derivation. UPDATE note at line 51 partially flags this. Documentation lag only.
2026-03-14 23:59:59	G1	1	M6	M6.ALL	MINOR	PASS	0.0		M6 v2 expanded audit: 18 checks, 15 PASS, 1 FAIL (MINOR: M6.13 anti-color phase swap), 2 NOTE (M6.17 sign, M6.18 stale label). Report at docs/proofs/reviews/G1/G1-Geometric-Foundation-Coherence-M6-Findings.md
2026-03-14 23:45:00	G1	1	M8	M8.ALL	-	PASS	0.0		M8 re-audit: 10 checks, 5 PASS, 2 FAIL (MODERATE: layer ordering M8.2/M8.3 — structural, self-documented), 3 NOTE. DAG acyclic (M8.1 RESOLVED). Thm 0.0.9 independence confirmed (M8.7 RESOLVED). Overall PASS. Report at docs/proofs/reviews/G1/G1-Geometric-Foundation-Coherence-M8-Findings.md
2026-03-14 15:00:00	G1	1	M8	M8.1	MODERATE	FAIL	0.0		Formal 3-cycle [3]→[19]→[9]→[3]: Thm 0.0.2 declares Def 0.1.1-Apps §12.3.2 as dependency (M8.4 fix commit 0c6fe73d). Content independently derivable — formal/documentation cycle, not logical. Fix: reclassify as cross-reference.
2026-03-14 15:00:00	G1	1	M8	M8.ALL	MODERATE	FAIL	0.0		M8 third audit: 11 checks, 4 PASS, 3 FAIL (MODERATE: M8.1 formal cycle, M8.2/M8.3 layer ordering), 4 NOTE. New finding: M8.4 fix introduced formal 3-cycle by elevating cross-reference to dependency. Overall FAIL. Report at docs/proofs/reviews/G1/G1-Geometric-Foundation-Coherence-M8-Findings.md
2026-03-14 23:59:00	G1	1	M7	M7.ALL	-	PASS	0.0		M7 v3 re-verification (26 files): 20 checks, 20 PASS, 0 FAIL, 16 NOTE (cosmetic). v3 corrections: M7.15 count fixed (19→20, F19/Def 0.1.1 was missing). New M7.20: 3-file sub-component status drift in 4/5 theorems (Thm 0.0.0a, 0.0.6, 0.0.12, Def 0.1.1 sub-files lack ✅ VERIFIED or status line). All core notation conventions uniform. Report at docs/proofs/reviews/G1/G1-Geometric-Foundation-Coherence-M7-Findings.md
2026-03-14 23:59:30	G1	1	M9	M9.ALL	MAJOR	CONDITIONAL PASS	0.0		M9 re-audit: 28 checks, 25 PASS, 1 FAIL (MAJOR: MPP has 18/26 discrepant status markers), 2 NOTE (under-claims on Prop 0.0.XX, Thm 0.0.9). All 9 previous proof-file FAILs RESOLVED. Proof files now fully standardized. MPP synchronization is sole remaining gap. Report at docs/proofs/reviews/G1/G1-Geometric-Foundation-Coherence-M9-Findings.md
2026-03-14 23:59:59	G1	1	M10	M10.7	MODERATE	FAIL	0.0		Killing form basis mislabeling in Thm 0.0.2: claims B|_h=-12·I₂ in {T₃,T₈} but -12 is the {λ₃,λ₈} value (correct {T₃,T₈} value is -3). Causes d(R,G)=1/(2√3) instead of correct 1/√3. Inconsistent with Thm 1.1.1 §1.6.
2026-03-14 23:59:59	G1	1	M10	M10.12	MINOR	NOTE	0.0		σ≈0.18 GeV² in Thm 0.0.15 and Def 0.1.3 vs (440 MeV)²=0.194 GeV². Within uncertainty but ~8% low. Consider σ≈0.19 GeV².
2026-03-14 23:59:59	G1	1	M10	M10.ALL	MODERATE	FAIL	0.0		M10 revision 2: 27 checks, 25 PASS, 1 FAIL (MODERATE: M10.7 Killing form basis mismatch), 1 NOTE (MINOR: M10.12 string tension rounding). Previous audit found all PASS but missed basis-mismatch error. Report at docs/proofs/reviews/G1/G1-Geometric-Foundation-Coherence-M10-Findings.md
2026-03-14 14:12:00	G1	1	M9	M9.28	MAJOR	RESOLVED	284.8		Synchronized all 18 discrepant G1 status markers in Mathematical-Proof-Plan.md to match authoritative proof files, plus fixed secondary references (summary table, ASCII diagram, cross-reference)
2026-03-14 14:30:00	G1	1	M10	M10.7	MODERATE	RESOLVED	0.0		Fix M10.7: Corrected Killing form basis mislabeling in Thm 0.0.2 — changed B|_h from -12·I₂ to -3·I₂ in {T₃,T₈} basis, g^K from (1/12)I₂ to (1/3)I₂, d(R,G) from 1/(2√3) to 1/√3. Fixed all 16 downstream occurrences. Clarified Def 0.0.0 metric label as standard coordinate metric (not Killing-induced).
2026-03-14 14:15:18	G1	1	M10	M10.7	MODERATE	RESOLVED	198.1	fbf01a29	Corrected Killing form basis mislabeling throughout Thm 0.0.2 and clarified metric labeling in Def 0.0.0
2026-03-14 15:00:00	G1	1	M2	M2.ALL	-	PASS	0.0		M2 audit verified: 12 checks total, 11 PASS, 0 FAIL, 1 NOTE (thematic layer ordering). All SU(3) derivation paths mutually consistent, honestly labeled, free of inter-path circularity. Report at docs/proofs/reviews/G1/G1-Geometric-Foundation-Coherence-M2-Findings.md
2026-03-14 23:30:00	G1	1	M5	M5.12	MINOR	FAIL	0.0		Thm 0.0.6 Apps §16.5 line 253: "14 neighbors (8 tetrahedra + 6 octahedra)" conflates adjacent polyhedra (14) with vertex coordination number (12). Derivation file consistently uses "12 nearest neighbors" (lines 97, 228, 237, 646, 772). Fix: clarify that 14 = polyhedra count, 12 = coordination number.
2026-03-14 23:30:00	G1	1	M5	M5.ALL	MINOR	PASS	0.0		M5 v2 re-verification: 16 checks, 15 PASS, 1 FAIL (MINOR: M5.12 '14 neighbors' conflation), 1 NOTE (M5.1 stale audit plan values). Added M5.12-M5.16 cross-file consistency checks for lattice spacing, holographic formula, 4-vs-3-color scoping, and O_h order. Report at docs/proofs/reviews/G1/G1-Geometric-Foundation-Coherence-M5-Findings.md
2026-03-14 16:00:00	G1	1	M1	M1.ALL	-	PASS	0.0		M1 re-audit: 18 checks, 16 PASS, 0 FAIL, 2 NOTE (MINOR: S₄ description in Def 0.1.1 line 108; connectivity language in Thm 0.0.3 line 178). Added M1.18 weight basis consistency check. Prior FAIL M1.10 confirmed RESOLVED. Report at docs/proofs/reviews/G1/G1-Geometric-Foundation-Coherence-M1-Findings.md
2026-03-14 17:00:00	G1	1	M10	M10.ALL	-	PASS	0.0		M10 revision 3: 27 checks, 26 PASS, 0 FAIL, 1 NOTE (MINOR: M10.12 string tension σ≈0.18 vs 0.19 GeV²). Prior FAIL M10.7 (Killing form basis) RESOLVED in commit fbf01a29. All numerical values now consistent. Report at docs/proofs/reviews/G1/G1-Geometric-Foundation-Coherence-M10-Findings.md
2026-03-14 18:00:00	G1	1	M9	M9.ALL	-	PASS	0.0		M9 re-audit (v3): 10 checks, 7 PASS, 0 FAIL, 3 NOTE (MINOR: M9.7 Def 0.1.3 peer review notes overstate verification; M9.8 dual use of checkmark in dependency lists; M9.9 Thm 0.0.12 stale Lean reference). All prior FAILs RESOLVED (M9.28 MPP sync, M9.1/5/7/9/11/12/14/17/18 status marker fixes). Report at docs/proofs/reviews/G1/G1-Geometric-Foundation-Coherence-M9-Findings.md
2026-03-14 15:46:08	G1	1	M6	M6.13	MINOR	RESOLVED	41.6	9a6718cf	Corrected anti-color phase assignments in Thm 0.0.6-Derivation §11.3 to match Def 0.1.2 §4 canonical convention, and replaced imprecise parenthetical with correct complex conjugate description
2026-03-14 15:46:30	G1	1	M6	M6.ALL	-	PASS	0.0		M6 v4 audit: 18 checks, 16 PASS, 0 FAIL, 2 NOTE (M6.17 cosmetic sign, M6.18 stale label). M6.13 anti-color phase swap RESOLVED (commit 9a6718cf). All Phase 0 definitions fully consistent. Report at docs/proofs/reviews/G1/G1-Geometric-Foundation-Coherence-M6-Findings.md
2026-03-14 16:00:00	G1	1	M4	M4.ALL	-	PASS	0.0		M4 independent re-audit (v2): 18 checks, 14 PASS, 0 FAIL, 4 NOTE (MINOR). All correspondence structures consistent. Both residual NOTEs confirmed: M4.17 (Corollary 0.0.13.1 cross-ref) and M4.18 (rank attribution). No new findings.
2026-03-14 19:00:00	G1	1	M10	M10.ALL	-	PASS	0.0		M10 revision 5: 27 checks, 26 PASS, 0 FAIL, 1 NOTE (MINOR: M10.12 string tension σ≈0.18 vs 0.19 GeV²). Second independent verification via 7 parallel search agents confirms all values consistent. Dihedral angle mislabeling found in Phase 3/4 (out of G1 scope). Report at docs/proofs/reviews/G1/G1-Geometric-Foundation-Coherence-M10-Findings.md
2026-03-14 23:59:00	G1	1	M10	M10.ALL	-	PASS	0.0		M10 revision 6: 27 checks, 26 PASS, 0 FAIL, 1 NOTE (MINOR: M10.12 σ≈0.18 GeV² now in 3 files — added Thm 0.0.3 line 641). Third independent verification via 4 parallel agents. ~45 derived values scanned, all consistent. Report at docs/proofs/reviews/G1/G1-Geometric-Foundation-Coherence-M10-Findings.md
2026-03-14 16:30:00	G1	1	M8	M8.ALL	MODERATE	FAIL	0.0		M8 fourth audit (independent re-verification): 12 checks, 4 PASS, 3 FAIL (MODERATE: M8.1 formal cycle via [3]→[19], M8.2/M8.3 layer ordering), 5 NOTE. New finding M8.E: 5-cycle path also exists through same root edge. Single fix (reclassify [3]→[19] as cross-reference) restores acyclicity. Report at docs/proofs/reviews/G1/G1-Geometric-Foundation-Coherence-M8-Findings.md
2026-03-14 18:30:00	G1	1	M4	M4.ALL	-	PASS	0.0		M4 independent re-audit (v3): 18 checks, 14 PASS, 0 FAIL, 4 NOTE (MINOR). All correspondence structures independently confirmed. M4.17 (Corollary 0.0.13.1 line 119 cross-ref) and M4.18 (rank attribution, also at line 586) remain MINOR/unresolved. Weight convention bridge verified numerically. No new findings.
2026-03-14 22:00:00	G1	1	M7	M7.ALL	-	PASS	0.0		M7 v5 independent re-verification (3 parallel agents, 26 files): 23 checks, 20 PASS, 0 FAIL, 5 NOTE (cosmetic). Added M7.21 (ω overloading across files), M7.22 (Thm 0.0.2b footer parenthesization), M7.23 (Thm 0.0.9 dependency format). All core notation conventions confirmed uniform. Report at docs/proofs/reviews/G1/G1-Geometric-Foundation-Coherence-M7-Findings.md
2026-03-14 23:59:59	G1	1	M9	M9.ALL	-	PASS	0.0		M9 re-audit (v4): 10 checks, 6 PASS, 0 FAIL, 4 NOTE. M9.4 downgraded PASS→NOTE (MINOR): Prop 0.0.16a+Thm 0.0.16 lack standalone verification records in verification-records/ (inline-only evidence). M9.7-M9.9 confirmed. All 26 status markers independently verified against proof files and Mathematical-Proof-Plan.md. Report at docs/proofs/reviews/G1/G1-Geometric-Foundation-Coherence-M9-Findings.md
2026-03-14 16:11:25	G1	1	M5	M5.12	MINOR	RESOLVED	41.9	7b932ce2	Clarified line 253 in Thm 0.0.6 Applications §16.5 to distinguish adjacent polyhedra count (14) from vertex coordination number (12)
2026-03-14 23:59:59	G1	1	M5	M5.ALL	-	PASS	0.0		M5 v3 deep re-audit: 20 checks, 20 PASS, 0 FAIL, 1 NOTE. Added M5.17 (embedding dimension cross-file), M5.18 (geometric/dynamical limit distinction), M5.19 (Thm 0.0.9 framing), M5.20 (Lemma 0.0.6g anchor integrity). M5.12 RESOLVED verified. Report at docs/proofs/reviews/G1/G1-Geometric-Foundation-Coherence-M5-Findings.md
2026-03-14 20:00:00	G1	1	M4	M4.ALL	-	PASS	0.0		M4 independent re-audit (v4): 18 checks, 14 PASS, 0 FAIL, 4 NOTE (MINOR). Four parallel subagent verification: (1) M4.17 Corollary 0.0.13.1 line 119 cross-ref confirmed; (2) M4.18 rank attribution chain verified (Lem 0.0.2a gives rank≤3, Prop 0.0.40 gives rank=2); (3) Weight conventions verified across 5 files with numerical bridge check; (4) Three SU(3) derivation paths scope-verified. No new findings.
2026-03-14 23:59:59	G1	1	M6	M6.20	-	NOTE	0.0		Vertex position symbol drift: Def 0.1.1 uses v_c (line 102 symbol table, line 139 coordinates), Defs 0.1.3/0.1.4 and glossary use x_c. Same object, cosmetic notation difference. No mathematical impact.
2026-03-14 23:59:59	G1	1	M6	M6.ALL	-	PASS	0.0		M6 v6 independent re-verification: 20 checks, 16 PASS, 0 FAIL, 4 NOTE (M6.17 sign cosmetic, M6.18 stale label, M6.19 anti-color table, M6.20 vertex symbol drift). All Phase 0 definitions confirmed internally consistent. Report at docs/proofs/reviews/G1/G1-Geometric-Foundation-Coherence-M6-Findings.md
2026-03-14 16:30:00	G1	1	M3	M3.ALL	-	PASS	0.0		M3 v3 independent re-verification: 18 checks, 16 PASS, 0 FAIL, 2 NOTE (MINOR). Three parallel subagent verification confirmed all findings. M3.12 dependency count corrected (6/9 outside G1, not 7/10). All external math refs verified against source files. Report at docs/proofs/reviews/G1/G1-Geometric-Foundation-Coherence-M3-Findings.md
2026-03-14 19:00:00	G1	1	M2	M2.ALL	-	PASS	0.0		M2 re-verification: 9 checks, 9 PASS, 0 FAIL, 3 NOTE (MINOR). Line number drift corrected (M2.1: F02:303→386, M2.2/M2.6: F10:125→141/318→348/626→694, M2.5: F10:383→415). All substantive conclusions confirmed. Report at docs/proofs/reviews/G1/G1-Geometric-Foundation-Coherence-M2-Findings.md
2026-03-14 23:59:59	G1	1	M8	M8.ALL	MODERATE	FAIL	0.0		M8 sixth audit (independent re-verification): 13 checks, 4 PASS, 3 FAIL (MODERATE: M8.1 formal cycle, M8.2/M8.3 layer ordering), 6 NOTE. All findings independently confirmed via grep/read of 26 source files. M8.1 cycle [3]→[19]→[9]→[3] verified at exact lines (Thm 0.0.2:40, Def 0.1.1:13, Thm 0.0.3:44). M8.7 Thm 0.0.9 independence confirmed (lines 7-16 vs 18-19). M8.G Def 0.1.2 phantom edge absence confirmed. No new issues. Report at docs/proofs/reviews/G1/G1-Geometric-Foundation-Coherence-M8-Findings.md
2026-03-14 23:59:59	G1	1	M10	M10.ALL	-	PASS	0.0		M10 revision 7: 27 checks, 26 PASS, 0 FAIL, 1 NOTE (MINOR: M10.12 σ≈0.18 vs 0.19 GeV²). Fourth independent verification via 3 parallel search agents + manual spot-checks. All values confirmed consistent. No new findings. Report at docs/proofs/reviews/G1/G1-Geometric-Foundation-Coherence-M10-Findings.md
2026-03-14 22:30:00	G1	1	M4	M4.ALL	-	PASS	0.0		M4 independent re-audit (v5): 18 checks, 14 PASS, 0 FAIL, 4 NOTE (MINOR). Five parallel subagent verification. M4.17 (Corollary 0.0.13.1 line 119) and M4.18 (rank attribution lines 24, 586) confirmed MINOR/unresolved. Weight bridge T₈=Y·√3/2 documented only in Thm 1.1.1 line 347. Out-of-scope correspondences (Thm 0.3.1, Thm 0.2.2) noted for other groups. No new in-scope findings.
2026-03-14 23:59:59	G1	1	M10	M10.ALL	-	PASS	0.0		M10 revision 8: 27 checks, 26 PASS, 0 FAIL, 1 NOTE (MINOR: M10.12 σ≈0.18 vs 0.19 GeV²). Fifth independent verification via 4 parallel search agents (string tension, Killing form, stella combinatorics, physical constants). Noted Lem 0.0.17c g^K=(1/6) in weight coords (out of G1 scope). All values confirmed consistent. Report at docs/proofs/reviews/G1/G1-Geometric-Foundation-Coherence-M10-Findings.md
2026-03-14 23:59:59	G1	1	M9	M9.11	MODERATE	FAIL	0.0		Prop 0.0.XX: Lean file (Proposition_0_0_XX.lean line 6) says 'NOVEL VERIFIED' but markdown proof file says only 'NOVEL'. Standalone verification record exists (2026-02-01). Cross-format status mismatch.
2026-03-14 23:59:59	G1	1	M9	M9.12	MODERATE	FAIL	0.0		Thm 0.0.9: Lean file (Theorem_0_0_9.lean line 6) uses non-standard 'COMPLETE' status. Markdown says 'NOVEL'. Proof file claims Lean is 'possible' but Lean file already exists. Standalone verification record exists (2025-12-31).
2026-03-14 23:59:59	G1	1	M9	M9.ALL	MODERATE	FAIL	0.0		M9 re-audit (v5): 12 checks, 5 PASS, 2 FAIL (MODERATE: M9.11 Prop 0.0.XX Lean-markdown mismatch, M9.12 Thm 0.0.9 Lean-markdown mismatch), 5 NOTE. New findings: cross-format status discrepancies between Lean files and markdown proof files. All 5 non-VERIFIED files have Lean formalization. Report at docs/proofs/reviews/G1/G1-Geometric-Foundation-Coherence-M9-Findings.md
2026-03-14 17:00:00	G1	1	M8	M8.ALL	MODERATE	FAIL	0.0		M8 seventh audit (independent re-verification): 14 checks, 4 PASS, 3 FAIL (MODERATE: M8.1 formal 3-cycle [3]->[19]->[9]->[3], M8.2/M8.3 layer ordering), 7 NOTE. v7 refinement: 5-cycle downgraded to informal transitive path — [9]->[6] passes through Phys Hyp 0.0.0f (assumed hypothesis), not a declared dependency on Prop 0.0.40. New M8.H: Phys Hyp 0.0.0f inconsistent markers across [5],[9],[13],[16]. Single fix (reclassify [3]->[19]) restores full acyclicity. Report at docs/proofs/reviews/G1/G1-Geometric-Foundation-Coherence-M8-Findings.md
2026-03-15 06:45:07	G1	2	V1	V1.18	CRITICAL	RESOLVED	104.4	28db54ce	Updated Statement file to reflect that all 4 core lemmas (0.0.13a-d) are proven in the Derivation document, removing stale 'unproved' status
2026-03-15 07:00:00	G1	2	V1	V1.13	MAJOR	RESOLVED	0.0		Added §0.7 Declared Physical Hypotheses to Thm 0.0.6: explicitly declared S15 (edge-to-edge = phase coherence), S16 (vertex-transitivity → field equivalence), S17 (pre-geometric area) as PH-0.0.6a/b/c. Assumptions no longer smuggled.
2026-03-15 06:47:06	G1	2	V1	V1.13	MAJOR	RESOLVED	118.8	7e44a6ac	Added §0.7 Declared Physical Hypotheses to Theorem 0.0.6, explicitly declaring all three smuggled assumptions (S15, S16, S17) as named physical hypotheses PH-0.0.6a/b/c with classification tags [H] or [F]
2026-03-15 07:30:00	G1	2	V2	V2.24.3	MAJOR	RESOLVED	0.0		Added transparency notes in §3.3 and §9.1 of Thm 0.1.0 acknowledging that Chentsov presupposes statistical manifold structure (distribution existence). Reframed Fisher=Killing as consistency identification. Updated §6.3 axiom status to distinguish presupposed (distribution existence) from genuinely derived (interference form, field count, phases).
2026-03-15 06:50:17	G1	2	V2	V2.24.3	MAJOR	RESOLVED	191.2	481951c5	Added transparency notes acknowledging that the Chentsov-based Fisher=Killing identification presupposes statistical manifold structure (distribution existence), which is part of what the theorem claims to derive. Reframed the derivation scope to clearly distinguish what is presupposed vs. genuinely derived.
2026-03-15 07:00:00	G1	2	V5	V5.17	MAJOR	RESOLVED	0.0		Reframed Lemma 0.0.0a.3 to use operational/pragmatic language (non-circular substrate) instead of ontological claims (primitive/fundamental). Construction hierarchy now presented as proof-theoretic ordering, not physical precedence. Core argument rests on three independent operational arguments in §6.3.1.
2026-03-15 06:53:30	G1	2	V5	V5.17	MAJOR	RESOLVED	192.4	cc01a29b	Reframed Lemma 0.0.0a.3 from ontological claims to operational/pragmatic language across both Statement and Derivation files
2026-03-15 07:30:00	G1	2	V5	V5.26	MAJOR	RESOLVED	0.0		Reclassified Thm 0.2.3 from Class A to Class B in Prop 0.1.3a: qualitative stability (fixed point existence, attractiveness) is form-independent, but quantitative stability margin (Hessian eigenvalues) is realization-dependent and requires P6. Updated classification table, summary counts (12→11 Class A, 4→5 Class B), §4.1(ii) text, and gradient-sensitive observables note.
2026-03-15 06:56:42	G1	2	V5	V5.26	MAJOR	RESOLVED	192.4	b1db502c	Reclassified Theorem 0.2.3 (Stable Convergence) from Class A to Class B in Proposition 0.1.3a, distinguishing qualitative stability (form-independent) from quantitative stability margins (realization-dependent Hessian eigenvalues)
2026-03-15 07:30:00	G1	2	V5	V5.27	MAJOR	RESOLVED	0.0		Reframed Rule 3 (Chirality) in Def 1.1.4 as explicitly provisional: instanton justification deferred to Phase 2, chirality adopted as convention within Phase 1, Phase 2 dependency inheritance noted. Updated formal definition, Rule 3 heading/body, and §6.5 consistency check.
2026-03-15 06:58:42	G1	2	V5	V5.27	MAJOR	RESOLVED	119.9		Reframed Rule 3 (Chirality) in Def 1.1.4 as explicitly provisional with Phase 2 dependency inheritance
2026-03-15 07:30:00	G1	2	V6	V6.3	MAJOR	RESOLVED	0.0	f9e9ce12	Added framework scope qualifier (GR1–GR3) to Thm 0.0.2 status line, §5.1, §6.1, §9.1, Implications, and conclusion box. Uniqueness of Euclidean ℝ³ now explicitly scoped to within the geometric realization framework.
2026-03-15 07:00:38	G1	2	V6	V6.3	MAJOR	RESOLVED	115.6	66e9e712	Added 'WITHIN GEOMETRIC REALIZATION FRAMEWORK' scope qualifier to 6 locations in Theorem 0.0.2 where the ℝ³ uniqueness claim was stated without framework scope
2026-03-15 07:02:00	G1	2	V6	V6.12	MAJOR	RESOLVED	82.8	9d0bbafc	Updated title, status line, purpose, theorem name, corollary, and boxed results to reflect consistency-check character rather than derivation claim
2026-03-15 07:05:00	G1	2	V6	V6.20	MAJOR	RESOLVED	0.0		Changed DERIVED to SUPPORTED BY in Def 0.1.2 header and footer, breaking deferred overclaiming chain. Clarified that referenced theorems establish consistency with framework axioms, not unique necessity.
2026-03-15 07:03:25	G1	2	V6	V6.20	MAJOR	RESOLVED	84.9		Changed 'DERIVED' to 'SUPPORTED BY' in Def 0.1.2 header and footer, breaking the deferred overclaiming chain
2026-03-15 07:10:00	G1	2	V6	V6.24	MAJOR	RESOLVED	0.0		Status 'CLOSES THE GEOMETRY-FIELD GAP' → 'REDUCES FIELD EXISTENCE TO A0'; softened 'derives' to 'shows...follows from A0' in purpose, §8.2, §11.2, and executive summary table
2026-03-15 07:05:12	G1	2	V6	V6.24	MAJOR	RESOLVED	106.8	c06f97df	Reframed Thm 0.1.0 status and body language from overclaiming 'CLOSES THE GEOMETRY-FIELD GAP' / 'DERIVES' to accurate 'REDUCES FIELD EXISTENCE TO A0'' / 'shows...follows from A0''
2026-03-15 07:15:00	G1	2	V8	V8.5	MAJOR	RESOLVED	0.0		Added explicit novelty statement (V8.5-F1) and Creutz (1979) upper critical dimension discussion §8.5.5 (V8.5-F4) to Prop 0.0.40. MAJOR sub-findings F2/F3/F6 were already resolved via §8.5 and language adjustments.
2026-03-15 07:07:52	G1	2	V8	V8.5	MAJOR	RESOLVED	159.7	ae610984	Added explicit novelty statement (V8.5-F1) and Creutz (1979) upper critical dimension discussion §8.5.5 (V8.5-F4). MAJOR sub-findings F2/F3/F6 were already resolved via §8.5 and Part B language adjustments.
2026-03-15 12:00:00	G1	2	V3	V3.ALL	-	PASS	0.0		V3 independent re-verification: 17 checks, 7 SOUND, 9 QUALIFIED, 1 NOTE, 0 WEAK, 0 INVALID, 0 SMUGGLED. All findings independently confirmed by fresh audit reading all 26 proof files. No additional semantic circularities found. Three semantic equivalences confirmed (color neutrality=Z3, 0.0.0f=F1+physics, three SU(3) paths share D=4). True independent inputs: 8 (1 physical + 7 framework). DAG verified acyclic. Report at docs/proofs/reviews/G1/G1-Validity-Audit-Module-V3-Findings.md
2026-03-15 14:00:00	G1	2	V2	V2.ALL	-	PASS	0.0		V2 independent re-verification: 160 steps across 26+4 Derivation files. 100 SOUND, 51 QUALIFIED, 4 WEAK, 0 INVALID, 2 SMUGGLED. CORRECTED original: Thm 0.0.12/0.0.13 lemmas UPGRADED from WEAK to SOUND (complete proofs in Derivation files with computational verification). 4 new sub-findings (CF6 parity-to-rep gap, CF7 pre-geometric tension, CF8 composition rule logic, V2.26.5a). Thm 0.1.0 remains most vulnerable (2 SMUGGLED confirmed: Chentsov presupposition, A_c=P_c identification). Report at docs/proofs/reviews/G1/G1-Validity-Audit-Module-V2-Findings.md
2026-03-15 15:00:00	G1	2	V6	V6.ALL	-	PASS	0.0		V6 post-resolution update: 26 checks, 20 SOUND, 6 QUALIFIED, 0 WEAK, 0 INVALID, 0 SMUGGLED. 4 findings resolved (V6.3 scope-qualifier commit 66e9e712, V6.12 consistency-check commit 9d0bbafc, V6.20 SUPPORTED BY commit d9b45a71, V6.24 REDUCES TO A0' commit c06f97df). All resolutions verified in proof files. Report at docs/proofs/reviews/G1/G1-Validity-Audit-Module-V6-Findings.md
2026-03-15 18:00:00	G1	2	V5	V5.36	MAJOR	RESOLVED	1.0		Previously SMUGGLED: dimension exhaustiveness was undeclared completeness assumption. Fix (commit 29952443): declared as explicit framework axiom P5 in §3 with full status, challenges, and Lean formalization reference. Step 4 now invokes P5 by name with honest disclaimer.
2026-03-15 18:00:00	G1	2	V5	V5.37	MAJOR	SMUGGLED	0.0		Single gauge coupling to single radial dimension in Prop 0.0.40 §5 Step C4: ODE dimensionality does not logically entail spatial dimensionality. Labeled as framework axiom but motivated by non sequitur.
2026-03-15 23:59:59	G1	2	V5	V5.37	MAJOR	RESOLVED	0.0	pending	Added epistemic note to Prop 0.0.40 §5 Step C4 explicitly distinguishing the heuristic motivation (single coupling → single scale) from the framework axiom content (RG-flow degree of freedom → radial embedding dimension). The non sequitur is now transparently flagged: ODE dimensionality ≠ spatial dimensionality, with the mapping declared as irreducible framework input.
2026-03-15 18:00:00	G1	2	V5	V5.38	MINOR	WEAK	0.0		CPT theorem invoked at pre-geometric level (Def 0.0.0 Prop 0.0.0h) where Wightman axioms not satisfied. Non-load-bearing motivation for GR3.
2026-03-15 18:00:00	G1	2	V5	V5.39	MODERATE	WEAK	0.0		AdS/CFT holographic argument applied to QCD (Thm 0.0.2b §5 Argument 3) which is not conformal - outside proven domain.
2026-03-15 18:00:00	G1	2	V5	V5.40	MODERATE	WEAK	0.0		Graphs insufficient for phase coherence (Thm 0.0.0a §5.4) contradicted by lattice gauge theory link variables.
2026-03-15 18:00:00	G1	2	V5	V5.41	MINOR	WEAK	0.0		Immirzi-like parameter (Thm 0.0.2 §7.3) derived from heuristic factors without rigorous justification. Non-load-bearing.
2026-03-15 18:00:00	G1	2	V5	V5.42	MODERATE	WEAK	0.0		Yang-Mills and Noether theorem invoked before Lorentz-covariant spacetime established (Thm 0.0.9 §4.1/§5.1). In consistency check.
2026-03-15 18:00:00	G1	2	V5	V5.43	MODERATE	WEAK	0.0		Cluster decomposition invoked assuming mass gap (Prop 0.0.6b §6.2) which is unproven Millennium Prize conjecture.
2026-03-15 18:00:00	G1	2	V5	V5.44	MODERATE	WEAK	0.0		Uniqueness of interference form (Thm 0.1.0 §4.3) claimed but proof only shows leading-order dominance; non-polynomial forms not excluded.
2026-03-15 18:00:00	G1	2	V5	V5.45	MODERATE	WEAK	0.0		Singlet condition equated with zero total weight (Def 1.1.4 Rule 5) - valid only for minimal states, not general multi-quark configurations.
2026-03-15 18:00:00	G1	2	V5	V5.46	MINOR	WEAK	0.0		Goldstone theorem indirectly invoked at pre-geometric level (Prop 0.1.3a §4.1(v)) where Nielsen-Chadha applies instead.
2026-03-15 18:00:00	G1	2	V5	V5.47	MODERATE	QUALIFIED	0.0		O to SO(3) symmetry enhancement labeled theorem (Prop 0.0.6b §2.3) but is physical heuristic.
2026-03-15 18:00:00	G1	2	V5	V5.48	MODERATE	QUALIFIED	0.0		Chentsov theorem presupposes statistical manifold structure (Thm 0.1.0 §3.3/§9.1) - honestly acknowledged as circular.
2026-03-15 18:00:00	G1	2	V5	V5.49	MODERATE	QUALIFIED	0.0		Coleman-Mandula pre-geometric loophole legitimate (Thm 0.0.3 §5.4) but recovery of factorization post-emergence is open.
2026-03-15 18:00:00	G1	2	V5	V5.50	MINOR	QUALIFIED	0.0		Z3 stacking periodicity = center order (Thm 0.0.6 §1.4): arithmetic correct but physical significance is framework-specific.
2026-03-15 18:00:00	G1	2	V5	V5.ALL	MAJOR	PASS	0.0		V5 cycle 3 deep audit: 50 checks (15 SOUND, 19 QUALIFIED, 14 WEAK, 0 INVALID, 2 SMUGGLED). First SMUGGLED findings in V5 (V5.36/V5.37 both MAJOR). Report at docs/proofs/reviews/G1/G1-Validity-Audit-Module-V5-Findings.md
2026-03-15 20:00:00	G1	2	V5	V5.51	MINOR	QUALIFIED	0.0		Bekenstein-Hawking entropy generalized to arbitrary D (F02 §6.3): 'optimality' is value judgment, not theorem. Non-load-bearing enhancement.
2026-03-15 20:00:00	G1	2	V5	V5.52	MINOR	QUALIFIED	0.0		SM anomaly cancellation presupposes SM field content (F02 §6.5): potential circularity with D=4. Properly labeled as enhancement.
2026-03-15 20:00:00	G1	2	V5	V5.53	MINOR	QUALIFIED	0.0		Brandenberger-Vafa mechanism assumes string theory (F02 §3.6.2): unconfirmed framework. One of four independent D=4 selectors, non-critical.
2026-03-15 20:00:00	G1	2	V5	V5.54	-	SOUND	0.0		Atiyah-Bott-Shapiro spinor periodicity correctly applied (F02 §6.4). Spinor table verified against standard references.
2026-03-15 20:00:00	G1	2	V5	V5.55	-	SOUND	0.0		't Hooft double-line notation and Cvitanovic birdtracks correctly cited as diagrammatic precedents (F26 §5). Framework extensions clearly marked.
2026-03-15 20:00:00	G1	2	V5	V5.ALL	MAJOR	PASS	0.0		V5 cycle 4 cross-verification: 55 checks (17 SOUND, 22 QUALIFIED, 14 WEAK, 0 INVALID, 2 SMUGGLED). ~130 invocations catalogued by 3 parallel agents. Audit saturation reached. Report at docs/proofs/reviews/G1/G1-Validity-Audit-Module-V5-Findings.md
2026-03-15 23:00:00	G1	2	V1	V1.ALL	MAJOR	PASS	0.0		V1 cross-verification (×2): 26 checks, 8 SOUND, 17 QUALIFIED, 1 WEAK, 0 INVALID, 14 active SMUGGLED (S6-S14, S18-S22). 3 verdict changes: Thm 0.0.6 WEAK→QUALIFIED (PH declarations), Thm 0.0.12 SOUND→QUALIFIED (tautological categories S21), Def 0.1.3 QUALIFIED→SOUND (A-PF remediated). 5 new SMUGGLED: S18 (infinite lattice), S19 (chi_top>0), S20 (translation invariance), S21 (engineered categories), S22 (A0' presupposes fields). S15-S17 RESOLVED via PH declarations. 297 total assumptions (153E, 111F, 33H). Report at docs/proofs/reviews/G1/G1-Validity-Audit-Module-V1-Findings.md
2026-03-15 23:30:00	G1	2	V8	V8.ALL	MAJOR	PASS	0.0		V8 re-verified (×3): 22 checks (10 SOUND, 9 QUALIFIED, 2 WEAK, 0 INVALID, 1 SMUGGLED). V8.5 upgraded WEAK→QUALIFIED after resolution of F1 (novelty), F2/F3 (2+1D scoping), F4 (Creutz), F6 (language). 3 new checks: V8.20 (string-net/Levin-Wen absent, WEAK/MODERATE), V8.21 (E₈/Lisi absent, QUALIFIED/MINOR), V8.22 (asymptotic safety absent, QUALIFIED/MINOR). 3 open MODERATE: V8.10 (NCG absent), V8.20 (string-net absent), V8.11 (smooth scope SMUGGLED). Report at docs/proofs/reviews/G1/G1-Validity-Audit-Module-V8-Findings.md
2026-03-15 23:59:59	G1	2	V4	V4.ALL	MAJOR	PASS	0.0		V4 re-verified: 21 checks (6 SOUND, 11 QUALIFIED, 2 WEAK, 0 INVALID, 2 SMUGGLED). V4.17 upgraded WEAK→QUALIFIED (§4.3 uniqueness rigorous; A0' presupposition now declared). Added V4.19 (Thm 0.0.2 Euclidean uniqueness SOUND), V4.20 (Prop 0.0.6b continuum limit QUALIFIED), V4.21 (Thm 1.1.1 linear map SOUND). 2 SMUGGLED: V4.7 (dimension exhaustiveness MAJOR), V4.14 (metric faithfulness MINOR). Report at docs/proofs/reviews/G1/G1-Validity-Audit-Module-V4-Findings.md
2026-03-15 23:59:59	G1	2	V3	V3.ALL	-	PASS	0.0		V3 cross-verified (×2): 20 checks (6 original + 8 expanded + 3 deep-dive + 3 cross-verification). 8 SOUND, 12 QUALIFIED, 0 WEAK, 0 INVALID, 0 SMUGGLED. 3 new checks: V3.18 (d_embed≡D_space≡N implicit identification MINOR), V3.19 (extended 5-way neutrality chain MINOR), V3.20 (apex vertex multi-description SOUND). 4 semantic equivalences total. True independent inputs: 8 (1 physical + 7 framework). DAG verified acyclic. Report at docs/proofs/reviews/G1/G1-Validity-Audit-Module-V3-Findings.md
2026-03-15 23:59:59	G1	2	V7	V7.8	MAJOR	RESOLVED	1.0		Prop 0.0.XX: Reframed Purpose/Goal/Significance as retrodiction with explicit epistemic status; replaced 'derive' language with 'retrodiction' throughout framing sections.
2026-03-15 23:59:59	G1	2	V7	V7.14	MODERATE	SMUGGLED	0.0		Prop 0.0.6b: Lattice spacing a~2.25 l_P imported from Prop 0.0.17r (outside G1) without clear provenance within G1.
2026-03-15 23:59:59	G1	2	V7	V7.ALL	MAJOR	PASS	0.0		V7 independent re-audit: 26 checks (12 SOUND, 10 QUALIFIED, 3 WEAK, 0 INVALID, 1 SMUGGLED). Zero directly testable predictions of new observables. 2 conditional predictions (D=N+1, lattice spacing) both practically unfalsifiable. 8 retrodictions of known physics. Empirical contact entirely indirect via downstream Props. Report at docs/proofs/reviews/G1/G1-Validity-Audit-Module-V7-Findings.md
2026-03-15 07:52:19	G1	2	V1	V1.7	MAJOR	RESOLVED	80.5	7175a1b3	Addressed all three smuggled findings (S8, S9, S28) in Theorem 0.0.0a with minimal targeted edits
2026-03-15 12:00:00	G1	2	V4	V4.7	MAJOR	RESOLVED	0.0	pending	Added Hypothesis P5 (Dimension Exhaustiveness) as explicit framework axiom in Thm 0.0.2b §3. Updated Step 4 to reference P5 instead of asserting exhaustiveness as derived. Updated §10.1 table (P1-P5) and §10.3 list. Converts SMUGGLED→QUALIFIED.
2026-03-15 07:54:14	G1	2	V4	V4.7	MAJOR	RESOLVED	115.7		Added Hypothesis P5 (Dimension Exhaustiveness) as an explicit framework axiom in Theorem 0.0.2b §3. Updated Step 4 to reference P5, clearly distinguishing supporting evidence (motivation) from derivation. Updated §10.1 and §10.3 summary tables to reflect P1-P5. This converts the finding from SMUGGLED to QUALIFIED.
2026-03-15 07:55:27	G1	2	V5	V5.36	MAJOR	RESOLVED	72.6	666a43fc	Finding was already fixed by commit 29952443. The dimension exhaustiveness assumption is now declared as explicit Hypothesis P5 in §3 of Thm 0.0.2b, with framework axiom status, potential challenges documented, and Lean formalization reference. Step 4 in §7 invokes P5 by name with an honest disclaimer that it is an axiom, not a derived result.
2026-03-15 07:57:12	G1	2	V5	V5.37	MAJOR	RESOLVED	105.3	749b1004	Added epistemic note to Prop 0.0.40 §5 Step C4 distinguishing heuristic motivation from axiom content
2026-03-15 07:58:50	G1	2	V7	V7.8	MAJOR	RESOLVED	97.8	4ce03b77	Reframed Prop 0.0.XX to explicitly present SU(3) selection as a retrodiction rather than a derivation, with an epistemic status paragraph clarifying falsifiability limitations
2026-03-15 23:59:59	G1	2	V6	V6.ALL	-	PASS	0.0		V6 third independent re-verification (×3, Opus 4.6): 26 checks, 17 SOUND, 9 QUALIFIED, 0 WEAK, 0 INVALID, 0 SMUGGLED. All prior findings confirmed by 5 parallel sub-agents (14 files directly read). V6.3 refined: line 451 contextually scoped, line 999 newly identified as unscoped. No verdict changes. Three residual body-level issues (V6.3 lines 84/999, V6.20 lines 607/618/682, V6.24 lines 81/83/593-609) still present. Report at docs/proofs/reviews/G1/G1-Validity-Audit-Module-V6-Findings.md
2026-03-15 23:59:59	G1	2	V1	V1.ALL	NOTE	CONFIRMED	0.0		V1 fourth independent verification (Opus 4.6): all 26 check verdicts confirmed (6 SOUND, 19 QUALIFIED, 1 WEAK, 0 INVALID). 305 assumptions (155E/117F/33H). 22 active smuggled assumptions unchanged. No new findings. Verdicts converged across rounds 3-4. Report at docs/proofs/reviews/G1/G1-Validity-Audit-Module-V1-Findings.md
2026-03-15 23:59:59	G1	2	V5	V5.ALL	-	PASS	0.0		V5 cycle 5 final verification: 55 checks (15 SOUND, 26 QUALIFIED, 14 WEAK, 0 INVALID, 0 SMUGGLED). Both SMUGGLED findings resolved (V5.36 commit 29952443, V5.37 commit 749b1004). Under-examined files (F09, F11, F12, F24, F25) re-scanned with no new findings. Audit saturation confirmed. Report at docs/proofs/reviews/G1/G1-Validity-Audit-Module-V5-Findings.md
2026-03-15 23:59:59	G1	2	V2	V2.ALL	NOTE	CONFIRMED	0.0		V2 post-resolution update (Opus 4.6): 160 steps verified across 26+4 files. 100 SOUND, 51 QUALIFIED, 4 WEAK, 0 INVALID, 2 SMUGGLED. Three proof files updated by commits 29952443/749b1004/4ce03b77; V2.4.4 severity MODERATE→MINOR (P5 declared), CF1 partially resolved (Prop 0.0.40 note), V2.8 retrodiction framing confirmed appropriate. Remaining P1 items: CF1 (Thm 0.0.2 §4.1), V2.24.3/V2.24.7 (Thm 0.1.0 smuggled). Report at docs/proofs/reviews/G1/G1-Validity-Audit-Module-V2-Findings.md
2026-03-15 23:59:59	G1	2	V4	V4.ALL	MAJOR	PASS	0.0		V4 full audit (fresh Opus 4.6): 14 checks (3 SOUND, 6 QUALIFIED, 3 WEAK, 0 INVALID, 2 SMUGGLED). Strongest: D=4 necessity (8 independent arguments, SOUND). Most vulnerable: polyhedral necessity (WEAK — simplicial complexes equally valid), SU(3) from distinguishability (WEAK — A-IF load-bearing), GR1-GR3 as selection device (SMUGGLED — axiom package engineered for answer). 7 irreducible framework axioms identified as true uniqueness engine. Report at docs/proofs/reviews/G1/G1-Validity-Audit-Module-V4-Findings.md
2026-03-15 23:59:59	G1	2	V3	V3.ALL	MAJOR	PASS	0.0		V3 cross-verified (×4, Opus 4.6): 16 checks (8 SOUND, 5 QUALIFIED, 3 WEAK, 0 INVALID, 0 SMUGGLED). Count error fixed (prior claimed 9 SOUND, actual 8). New V3.16: pre-geometric semantic tension across Phase 0 (QUALIFIED/MODERATE). Three WEAK: D=4 independence inflation (V3.4), Prop 0.0.40 Part C framework axiom encoding (V3.6), coupling-to-dimension hidden common axiom (V3.9). Five QUALIFIED: P5 (V3.5), 0.0.0f aliasing (V3.7), P6-P7 post-hoc (V3.12), GR2 gauge commitment (V3.13), pre-geometric drift (V3.16). Report at docs/proofs/reviews/G1/G1-Validity-Audit-Module-V3-Findings.md
2026-03-15 23:59:59	G1	2	V8	V8.ALL	MAJOR	PASS	0.0		V8 re-verified (×5, Opus 4.6, 3 parallel agents): 22 checks (10 SOUND, 9 QUALIFIED, 2 WEAK, 0 INVALID, 1 SMUGGLED). Fifth independent verification confirms all 22 verdicts unchanged. Three parallel agents re-read all 26 G1 files independently. NCG absence (V8.10), string-net absence (V8.20), smooth exclusion scope (V8.11) remain 3 open MODERATE issues. No new checks needed — audit saturated. Report at docs/proofs/reviews/G1/G1-Validity-Audit-Module-V8-Findings.md
2026-03-15 23:59:59	G1	2	V7	V7.8	MAJOR	RESOLVED	0.0	4ce03b77	V7 re-verification: Prop 0.0.XX upgraded WEAK→QUALIFIED. Retrodiction framing now explicit (line 62 epistemic status, lines 6-8 important limitation). A-IF dependency prominent throughout. Status line still suggests derivation (MINOR residual).
2026-03-15 23:59:59	G1	2	V7	V7.ALL	MAJOR	PASS	0.0		V7 re-verification (×2, Opus 4.6): 26 checks (12 SOUND, 11 QUALIFIED, 2 WEAK, 0 INVALID, 1 SMUGGLED). V7.8 upgraded WEAK→QUALIFIED (commit 4ce03b77). V7.14 SMUGGLED confirmed (lattice spacing import from Prop 0.0.17r). Zero directly testable predictions of new observables. 8 retrodictions of known physics. Empirical contact entirely indirect. Report at docs/proofs/reviews/G1/G1-Validity-Audit-Module-V7-Findings.md
2026-03-15 23:59:59	G1	2	V3	V3.4	MAJOR	RESOLVED	0.0	pending	Added non-independence notice to Thm 0.0.9 purpose block: explicitly states this is NOT an independent D=4 derivation, uses same Ehrenfest-Tegmark physics as Thm 0.0.1, and directs readers to Thm 0.0.1 and 0.0.2b for independent D=4 content. Addresses reader-perception risk of three-theorem independence inflation.
2026-03-15 08:32:33	G1	2	V3	V3.4	MAJOR	RESOLVED	132.5	7b4c8f71	Added prominent non-independence notice to Thm 0.0.9 purpose block
2026-03-15 23:59:59	G1	2	V3	V3.6	MAJOR	RESOLVED	0.0	pending	Reframed Prop 0.0.40 from 'derives' to 'reduces' 0.0.0f: updated status line, purpose paragraph, §9.3 table, §10 header, §10.2 consumer table, §10.4 impact summary, and footer. Part C upper bound now honestly presented as reducing 0.0.0f from independent hypothesis to consequence of core framework axiom, not derivation from established physics alone.
2026-03-15 08:35:00	G1	2	V3	V3.6	MAJOR	RESOLVED	146.6	f27e5452	Reframed Prop 0.0.40 from claiming to 'derive' 0.0.0f to honestly presenting it as a 'reduction' of 0.0.0f from independent hypothesis to consequence of the core framework axiom (Def 0.0.0). Updated 7 locations across the document.
2026-03-15 23:59:59	G1	2	V3	V3.9	MAJOR	RESOLVED	0.0	pending	Added Common Axiom Dependency (V3.9) notes to all four dimensionality proof files (Thm 0.0.2b, Lem 0.0.2a, Prop 0.0.40, Thm 0.0.6), making explicit that their dimensionality results all flow from the same gauge-geometry correspondence in Def 0.0.0 (GR1-GR3). Each note identifies the specific aspect used and cross-references the other three proofs.
2026-03-15 08:37:56	G1	2	V3	V3.9	MAJOR	RESOLVED	176.0	f1356c04	Added Common Axiom Dependency (V3.9) notes to all four dimensionality proof files, making explicit that their results all flow from the same gauge↔geometry correspondence in Def 0.0.0 (GR1–GR3)
2026-03-15 12:00:00	G1	2	V4	V4.2	MAJOR	RESOLVED	0.0		Qualified discrete-vs-polyhedral conflation: theorem statement, role description, conclusion, and §5.1 now consistently distinguish discrete necessity (what the four lemmas prove) from polyhedral selection (done by GR1-GR3); acknowledged non-circularity axiom dependency throughout
2026-03-15 08:41:07	G1	2	V4	V4.2	MAJOR	RESOLVED	191.6	e92a29f4	Qualified the discrete-vs-polyhedral conflation and non-circularity axiom dependency throughout the theorem's Statement file
2026-03-15 12:00:00	G1	2	V4	V4.14	MAJOR	RESOLVED	0.0	pending	Aligned status line, boxed conclusion, and summary status with epistemic disclaimers: added RETRODICTION to status, changed boxed result from uniquely selected to unique gauge group consistent with (retrodiction), added A-IF conditionality to summary
2026-03-15 08:43:22	G1	2	V4	V4.14	MAJOR	RESOLVED	134.9	a96a4b46	Aligned headline claims (status line, boxed conclusion, summary status) with the file's own honest epistemic disclaimers about retrodiction and A-IF dependency
2026-03-15 12:00:00	G1	2	V4	V4.15	MAJOR	RESOLVED	0.0	pending	Added epistemic note in Def 0.0.0 §1.1 acknowledging axiom package as definition space with analysis of 3 alternative axiom sets; added scope notes in Thm 0.0.3 and Thm 0.0.3b clarifying conditional nature of uniqueness
2026-03-15 08:46:46	G1	2	V4	V4.15	MAJOR	RESOLVED	204.1	551830a6	Added epistemic transparency notes making the axiom package's role as a definition space explicit, with analysis of three concrete alternative axiom sets
2026-03-15 12:30:00	G1	2	V4	V4.ALL	MAJOR	PASS	0.0		V4 post-resolution re-audit (Opus 4.6, 4 parallel agents): 15 checks (4 SOUND, 9 QUALIFIED, 0 WEAK, 0 INVALID, 2 SMUGGLED). 3 resolution upgrades: V4.2 WEAK→QUALIFIED (commit e92a29f4), V4.14 WEAK→QUALIFIED (commit a96a4b46), V4.15 SMUGGLED→QUALIFIED (commit 551830a6). No new findings. Report at docs/proofs/reviews/G1/G1-Validity-Audit-Module-V4-Findings.md
2026-03-15 18:00:00	G1	2	V6	V6.4	MODERATE	FAIL	0.0		Thm 0.0.2b status line 'DERIVED FROM REPRESENTATION THEORY' omits critical P5 framework axiom dependency; body (line 313) honest but headline misleads
2026-03-15 18:00:00	G1	2	V6	V6.11	MODERATE	FAIL	0.0		Prop 0.0.16a uses 'FULLY DERIVED' and 'uniquely forced' without framework-dependency qualifier; depends on PH 0.0.0f and geometric realization postulate
2026-03-15 18:00:00	G1	2	V6	V6.12	MODERATE	FAIL	0.0		Thm 0.0.16 internal inconsistency: status says 'CONSISTENT WITH' but body §7.2 says 'FULLY DERIVED'
2026-03-15 18:00:00	G1	2	V6	V6.24	MAJOR	FAIL	0.0		Thm 0.1.0 header says 'DERIVED' but body V2.24.3 note admits 'consistency identification, not a derivation' — smuggled logical status
2026-03-15 18:00:00	G1	2	V6	V6.ALL	MAJOR	PASS	0.0		V6 full audit (Opus 4.6, 3 parallel agents): 26 checks (15 SOUND, 7 QUALIFIED, 3 WEAK, 0 INVALID, 1 SMUGGLED). Exemplary files: Def 0.0.0, Prop 0.0.40, Prop 0.0.XX, Thm 0.0.9, Thm 0.0.13, Thm 0.0.6. Four actionable: V6.24 MAJOR (Thm 0.1.0 header-vs-body), V6.4/V6.11/V6.12 MODERATE (status line overstatement). Report at docs/proofs/reviews/G1/G1-Validity-Audit-Module-V6-Findings.md
2026-03-15 20:30:00	G1	2	V3	V3.4	MAJOR	RESOLVED	0.0	7b4c8f71	WEAK→QUALIFIED: Non-independence notice added to Thm 0.0.9 (commit 7b4c8f71); D=4 independence inflation now explicitly documented
2026-03-15 20:30:00	G1	2	V3	V3.6	MAJOR	RESOLVED	0.0	f27e5452	WEAK→QUALIFIED: Prop 0.0.40 reframed from 'derives' to 'reduces' (commit f27e5452); framework axiom dependency now honest throughout
2026-03-15 20:30:00	G1	2	V3	V3.9	MAJOR	RESOLVED	0.0	f1356c04	WEAK→QUALIFIED: Common Axiom Dependency (V3.9) notes added to 4 dimensionality files (commit f1356c04); independence inflation now transparent
2026-03-15 20:30:00	G1	2	V3	V3.17	MODERATE	FAIL	0.0		NEW: Thm 0.0.15 §3.0 overstates Z₃ independence — Z₃ is geometrically intrinsic to stella but its relevance as gauge constraint presupposes the framework
2026-03-15 20:30:00	G1	2	V3	V3.18	MODERATE	FAIL	0.0		NEW: Thm 0.1.0 field reduction scope: reduces Def 0.1.2 to A0' + stella geometry, not A0' alone; the '3' comes from SU(3) via stella
2026-03-15 20:30:00	G1	2	V3	V3.ALL	MODERATE	PASS	0.0		V3 Round 5 (Opus 4.6, 3 parallel agents): 18 checks (8 SOUND, 10 QUALIFIED, 0 WEAK, 0 INVALID, 0 SMUGGLED). All 3 WEAK→QUALIFIED via resolutions. 2 new QUALIFIED (V3.17, V3.18). No strict circularity. Report at docs/proofs/reviews/G1/G1-Validity-Audit-Module-V3-Findings.md
2026-03-15 22:00:00	G1	2	V1	V1.ALL	NOTE	PASS	0.0		V1 Round 6 (Opus 4.6, 3 parallel agents): 26 checks (9 SOUND, 17 QUALIFIED, 0 WEAK, 0 INVALID, 19 smuggled active, 11 resolved). 0 verdict changes from R5. 2 new observations (N1 interference-form uniqueness gap, N2 root-vs-weight lattice). All V3/V4 remediations verified effective. Report at docs/proofs/reviews/G1/G1-Validity-Audit-Module-V1-Findings.md
2026-03-15 23:00:00	G1	2	V5	V5.1	MAJOR	FAIL	0.0		CPT theorem invoked pre-geometrically in Def 0.0.0 Prop 0.0.0h where Lorentz invariance not established
2026-03-15 23:00:00	G1	2	V5	V5.13	MODERATE	FAIL	0.0		False claim C₃ ⊄ I_h in Thm 0.0.6 §1.5 (C₃ IS subgroup of I_h); angular incompatibility argument is correct and load-bearing
2026-03-15 23:00:00	G1	2	V5	V5.24	MAJOR	FAIL	0.0		Chentsov theorem extended beyond finite sample spaces to Cartan torus in Thm 0.1.0 §3.3; interference form uniqueness proved only at leading order
2026-03-15 23:00:00	G1	2	V5	V5.14	MODERATE	FAIL	0.0		Coleman sector orthogonality and Weinberg cluster decomposition invoked prospectively in Prop 0.0.6b before dynamical prerequisites established
2026-03-15 23:00:00	G1	2	V5	V5.15	MODERATE	FAIL	0.0		Weinberg soft graviton theorem in Thm 0.0.9 depends on Lorentz invariance derived elsewhere — sequential dependency
2026-03-15 23:00:00	G1	2	V5	V5.18	MODERATE	FAIL	0.0		Tannaka-Krein in Thm 0.0.13 — domain conditions met but fiber functor uses prior SU(3) knowledge, limiting logical force
2026-03-15 23:00:00	G1	2	V5	V5.ALL	MODERATE	PASS	0.0		V5 (Domain-of-Validity): 26 checks, 109 invocations. 14 SOUND, 9 QUALIFIED, 3 WEAK, 0 INVALID, 0 SMUGGLED. Report at docs/proofs/reviews/G1/G1-Validity-Audit-Module-V5-Findings.md
2026-03-15 23:59:59	G1	2	V2	V2.8.6	MODERATE	FAIL	0.0		Z3 restriction (3|N) in Prop 0.0.XX not independently derived on info-theoretic path — shares origin with geometric path
2026-03-15 23:59:59	G1	2	V2	V2.12.3a	MODERATE	FAIL	0.0		Root-to-edge correspondence in Thm 0.0.16 §3.3 asserted by physical analogy, not mathematical proof
2026-03-15 23:59:59	G1	2	V2	V2.12.5a	NOTE	FAIL	0.0		Casimir operator in Thm 0.0.16 §5.2 is misleading decoration — count comes from |Phi|-2=4, not C2=4/3
2026-03-15 23:59:59	G1	2	V2	V2.13.QC	MODERATE	FAIL	0.0		QC exclusion Argument 3 in Thm 0.0.6 §1.5 self-contradicts via own Reference [5b] (random lattice confinement)
2026-03-15 23:59:59	G1	2	V2	V2.ALL	MINOR	PASS	0.0		V2 3rd independent verification (Opus 4.6, 3 parallel agents): 160 steps across 26 files. 100 SOUND, 51 QUALIFIED, 4 WEAK, 0 INVALID, 2 SMUGGLED. 6 severity refinements, 3 new sub-findings. No verdict changes.
2026-03-15 12:00:00	G1	2	V8	V8.ALL	NOTE	CONFIRMED	0.0		Sixth independent re-verification (3 parallel agents, all 26 G1 files): all 22 verdicts confirmed unchanged. 10 SOUND, 9 QUALIFIED, 2 WEAK, 1 SMUGGLED, 0 INVALID.
2026-03-15 23:59:59	G1	2	V7	V7.8	MINOR	RESOLVED	0.0	a96a4b46	V7 round 4: Prop 0.0.XX upgraded QUALIFIED→SOUND. V4.14 resolution (commit a96a4b46) placed RETRODICTION in status line, fully resolving residual framing concern from rounds 1-3.
2026-03-15 23:59:59	G1	2	V7	V7.ALL	MAJOR	PASS	0.0		V7 round 4 (post-resolution): 26 checks (16 SOUND, 9 QUALIFIED, 0 WEAK, 0 INVALID, 1 SMUGGLED). V7.8 upgraded QUALIFIED→SOUND (V4.14 status line fix). V3.9 common axiom dependency notes verified across 4 dimensionality proofs. All 6 resolution fixes (V3.6/V3.9/V4.2/V4.14/V4.15) confirmed to improve epistemic transparency. Zero directly testable predictions. Report at docs/proofs/reviews/G1/G1-Validity-Audit-Module-V7-Findings.md
